<?xml version = '1.0' encoding = 'UTF-8'?>
<FKIndexAssociation class="oracle.dbtools.crest.model.design.relational.FKIndexAssociation" directorySegmentName="seg_0" id="EF0D4BF8-48ED-F96B-EC14-C99D5BFBD4E7" containerWithKeyObject="CD8683BB-4CAA-79C3-9D19-735DF78BC168" localFKIndex="034A7086-BBC4-2061-B6C8-2D3C3A96C561" name="RESERVA_EMPLEADO_FK">
<createdBy>Eugenio</createdBy>
<createdTime>2026-01-09 13:33:00 UTC</createdTime>
<generatorID>5730D82E-7C05-2502-5C76-C88E7E82AE5A</generatorID>
<ownerDesignName>ReservaVuelos</ownerDesignName>
<referredTableLongName>EMPLEADO</referredTableLongName>
<deleteRule>NO ACTION</deleteRule>
<referredTableID>7600990C-24C3-37E8-433C-62285FEA0BDC</referredTableID>
<keyObject>999D96E0-8670-9473-5D26-2082DF79D326</keyObject>
<referredKeyID>999D96E0-8670-9473-5D26-2082DF79D326</referredKeyID>
<mandatory>true</mandatory>
<refColNames>id_Empleado</refColNames>
<transferable>true</transferable>
<rely>false</rely>
<columnDependencyConstraintGenerateInDDL>true</columnDependencyConstraintGenerateInDDL>
</FKIndexAssociation>
