<?xml version = '1.0' encoding = 'UTF-8'?>
<Entity class="oracle.dbtools.crest.model.design.logical.Entity" directorySegmentName="seg_0" id="0666ED91-1592-8A46-9BD3-327A9767D443" name="PASAJERO">
<createdBy>msuarez</createdBy>
<createdTime>2026-01-07 18:16:36 UTC</createdTime>
<ownerDesignName>ReservaVuelos</ownerDesignName>
<engineerTo>
<item key="0E558395-F248-1744-4966-1BC8B2B6FA56" value="true"/>
</engineerTo>
<adequatelyNormalized>NO</adequatelyNormalized>
<expectedVolumes>0</expectedVolumes>
<fwdEngineeringStrategyName>Single Table</fwdEngineeringStrategyName>
<growthPercent>0</growthPercent>
<growthType>Year</growthType>
<maxVolumes>9999999</maxVolumes>
<minVolumes>0</minVolumes>
<normalForm>Third</normalForm>
<attributes itemClass="oracle.dbtools.crest.model.design.logical.Attribute">
<Attribute name="id_Pasajero" id="BBA49A8D-B1A4-00AD-5D74-BDAA3FCE68CB">
<createdBy>msuarez</createdBy>
<createdTime>2026-01-08 11:34:34 UTC</createdTime>
<ownerDesignName>ReservaVuelos</ownerDesignName>
<engineerTo>
<item key="0E558395-F248-1744-4966-1BC8B2B6FA56" value="true"/>
</engineerTo>
<useDomainConstraints>false</useDomainConstraints>
<use>1</use>
<logicalDatatype>LOGDT037</logicalDatatype>
<dataTypeSize>5</dataTypeSize>
<ownDataTypeParameters>5,,</ownDataTypeParameters>
</Attribute>
<Attribute name="numeroPasaporte" id="9D15F605-40C0-208D-8780-4951BC8B2C24">
<createdBy>msuarez</createdBy>
<createdTime>2026-01-07 18:16:51 UTC</createdTime>
<ownerDesignName>ReservaVuelos</ownerDesignName>
<engineerTo>
<item key="0E558395-F248-1744-4966-1BC8B2B6FA56" value="true"/>
</engineerTo>
<useDomainConstraints>false</useDomainConstraints>
<use>1</use>
<logicalDatatype>LOGDT037</logicalDatatype>
<dataTypeSize>20</dataTypeSize>
<ownDataTypeParameters>20,,</ownDataTypeParameters>
</Attribute>
<Attribute name="nombreCompleto" id="9BC096F6-612E-4CE2-61BA-191342C042AB">
<createdBy>msuarez</createdBy>
<createdTime>2026-01-07 18:17:33 UTC</createdTime>
<ownerDesignName>ReservaVuelos</ownerDesignName>
<engineerTo>
<item key="0E558395-F248-1744-4966-1BC8B2B6FA56" value="true"/>
</engineerTo>
<useDomainConstraints>false</useDomainConstraints>
<use>1</use>
<logicalDatatype>LOGDT037</logicalDatatype>
<dataTypeSize>100</dataTypeSize>
<ownDataTypeParameters>100,,</ownDataTypeParameters>
</Attribute>
<Attribute name="fechaNacimiento" id="7CB192CD-BA80-9E92-ECF5-3F3C835FBD18">
<createdBy>msuarez</createdBy>
<createdTime>2026-01-07 18:18:01 UTC</createdTime>
<ownerDesignName>ReservaVuelos</ownerDesignName>
<engineerTo>
<item key="0E558395-F248-1744-4966-1BC8B2B6FA56" value="true"/>
</engineerTo>
<useDomainConstraints>false</useDomainConstraints>
<use>1</use>
<logicalDatatype>LOGDT007</logicalDatatype>
<ownDataTypeParameters>,,</ownDataTypeParameters>
</Attribute>
<Attribute name="nacionalidad" id="2465D25D-74CD-3D2D-F7F0-72D68E197226">
<createdBy>msuarez</createdBy>
<createdTime>2026-01-07 18:18:24 UTC</createdTime>
<ownerDesignName>ReservaVuelos</ownerDesignName>
<engineerTo>
<item key="0E558395-F248-1744-4966-1BC8B2B6FA56" value="true"/>
</engineerTo>
<useDomainConstraints>false</useDomainConstraints>
<use>1</use>
<logicalDatatype>LOGDT037</logicalDatatype>
<dataTypeSize>50</dataTypeSize>
<ownDataTypeParameters>50,,</ownDataTypeParameters>
</Attribute>
<Attribute name="telefono" id="859C87A9-8020-A3BF-CD1C-5AB3F7783532">
<createdBy>msuarez</createdBy>
<createdTime>2026-01-07 18:18:54 UTC</createdTime>
<ownerDesignName>ReservaVuelos</ownerDesignName>
<engineerTo>
<item key="0E558395-F248-1744-4966-1BC8B2B6FA56" value="true"/>
</engineerTo>
<nullsAllowed>true</nullsAllowed>
<useDomainConstraints>false</useDomainConstraints>
<use>1</use>
<logicalDatatype>LOGDT037</logicalDatatype>
<dataTypeSize>100</dataTypeSize>
<ownDataTypeParameters>100,,</ownDataTypeParameters>
</Attribute>
<Attribute name="telefonoEmergencia" id="D281ED7B-6503-A1A4-B991-3856FA32A4FF">
<createdBy>msuarez</createdBy>
<createdTime>2026-01-08 11:48:44 UTC</createdTime>
<ownerDesignName>ReservaVuelos</ownerDesignName>
<engineerTo>
<item key="0E558395-F248-1744-4966-1BC8B2B6FA56" value="true"/>
</engineerTo>
<nullsAllowed>true</nullsAllowed>
<useDomainConstraints>false</useDomainConstraints>
<use>1</use>
<logicalDatatype>LOGDT037</logicalDatatype>
<dataTypeSize>100</dataTypeSize>
<ownDataTypeParameters>100,,</ownDataTypeParameters>
</Attribute>
</attributes>
<identifiers itemClass="oracle.dbtools.crest.model.design.logical.CandidateKey">
<identifier id="3E21D682-904C-76C8-5F0F-93E33C19DBC6" name="PASAJERO PK">
<createdBy>msuarez</createdBy>
<createdTime>2026-01-07 18:17:28 UTC</createdTime>
<ownerDesignName>ReservaVuelos</ownerDesignName>
<engineerTo>
<item key="0E558395-F248-1744-4966-1BC8B2B6FA56" value="true"/>
</engineerTo>
<pk>true</pk>
<usedAttributes>
<attributeRef>BBA49A8D-B1A4-00AD-5D74-BDAA3FCE68CB</attributeRef>
</usedAttributes>
</identifier>
</identifiers>
</Entity>
