<?xml version = '1.0' encoding = 'UTF-8'?>
<Entity class="oracle.dbtools.crest.model.design.logical.Entity" directorySegmentName="seg_0" id="69D2758E-F4F5-3225-2F5F-2046F59A82BC" name="EMPLEADO">
<createdBy>msuarez</createdBy>
<createdTime>2026-01-07 17:58:38 UTC</createdTime>
<ownerDesignName>ReservaVuelos</ownerDesignName>
<engineerTo>
<item key="0E558395-F248-1744-4966-1BC8B2B6FA56" value="true"/>
</engineerTo>
<adequatelyNormalized>NO</adequatelyNormalized>
<expectedVolumes>0</expectedVolumes>
<fwdEngineeringStrategyName>Single Table</fwdEngineeringStrategyName>
<growthPercent>0</growthPercent>
<growthType>Year</growthType>
<maxVolumes>9999999</maxVolumes>
<minVolumes>0</minVolumes>
<normalForm>Third</normalForm>
<attributes itemClass="oracle.dbtools.crest.model.design.logical.Attribute">
<Attribute name="id_Empleado" id="BB54F3E5-45A2-B0BB-D0E9-1300324A7064">
<createdBy>msuarez</createdBy>
<createdTime>2026-01-07 19:07:07 UTC</createdTime>
<ownerDesignName>ReservaVuelos</ownerDesignName>
<engineerTo>
<item key="0E558395-F248-1744-4966-1BC8B2B6FA56" value="true"/>
</engineerTo>
<useDomainConstraints>false</useDomainConstraints>
<use>1</use>
<logicalDatatype>LOGDT037</logicalDatatype>
<dataTypeSize>5</dataTypeSize>
<ownDataTypeParameters>5,,</ownDataTypeParameters>
</Attribute>
<Attribute name="rutEmpleado" id="0C584C31-3811-5DE1-15AD-1C1D6CB1AB36">
<createdBy>msuarez</createdBy>
<createdTime>2026-01-07 17:58:54 UTC</createdTime>
<ownerDesignName>ReservaVuelos</ownerDesignName>
<engineerTo>
<item key="0E558395-F248-1744-4966-1BC8B2B6FA56" value="true"/>
</engineerTo>
<useDomainConstraints>false</useDomainConstraints>
<use>1</use>
<logicalDatatype>LOGDT037</logicalDatatype>
<dataTypeSize>12</dataTypeSize>
<ownDataTypeParameters>12,,</ownDataTypeParameters>
</Attribute>
<Attribute name="nombreCompleto" id="E8830369-E6A8-21AF-56AC-3439F9BAA126">
<createdBy>msuarez</createdBy>
<createdTime>2026-01-07 18:00:41 UTC</createdTime>
<ownerDesignName>ReservaVuelos</ownerDesignName>
<engineerTo>
<item key="0E558395-F248-1744-4966-1BC8B2B6FA56" value="true"/>
</engineerTo>
<useDomainConstraints>false</useDomainConstraints>
<use>1</use>
<logicalDatatype>LOGDT037</logicalDatatype>
<dataTypeSize>100</dataTypeSize>
<ownDataTypeParameters>100,,</ownDataTypeParameters>
</Attribute>
<Attribute name="direccion" id="1A2B4D08-61A0-D43C-805A-E5C37223A9D5">
<createdBy>msuarez</createdBy>
<createdTime>2026-01-07 18:09:06 UTC</createdTime>
<ownerDesignName>ReservaVuelos</ownerDesignName>
<engineerTo>
<item key="0E558395-F248-1744-4966-1BC8B2B6FA56" value="true"/>
</engineerTo>
<nullsAllowed>true</nullsAllowed>
<useDomainConstraints>false</useDomainConstraints>
<use>1</use>
<logicalDatatype>LOGDT037</logicalDatatype>
<dataTypeSize>250</dataTypeSize>
<ownDataTypeParameters>250,,</ownDataTypeParameters>
</Attribute>
<Attribute name="sueldoBase" id="D8BE7989-C979-C2B8-86A8-921FF69BE269">
<createdBy>msuarez</createdBy>
<createdTime>2026-01-07 18:09:41 UTC</createdTime>
<ownerDesignName>ReservaVuelos</ownerDesignName>
<engineerTo>
<item key="0E558395-F248-1744-4966-1BC8B2B6FA56" value="true"/>
</engineerTo>
<useDomainConstraints>false</useDomainConstraints>
<use>1</use>
<logicalDatatype>LOGDT026</logicalDatatype>
<dataTypePrecision>10</dataTypePrecision>
<dataTypeScale>2</dataTypeScale>
<ownDataTypeParameters>,10,2</ownDataTypeParameters>
</Attribute>
<Attribute name="fechaIngreso" id="5915EAC8-4777-AA51-9265-23E528308962">
<createdBy>msuarez</createdBy>
<createdTime>2026-01-07 18:10:20 UTC</createdTime>
<ownerDesignName>ReservaVuelos</ownerDesignName>
<engineerTo>
<item key="0E558395-F248-1744-4966-1BC8B2B6FA56" value="true"/>
</engineerTo>
<useDomainConstraints>false</useDomainConstraints>
<use>1</use>
<logicalDatatype>LOGDT007</logicalDatatype>
<ownDataTypeParameters>,,</ownDataTypeParameters>
</Attribute>
<Attribute name="genero" id="6F3FE2B7-B085-DDD3-F6B8-479110494036">
<createdBy>msuarez</createdBy>
<createdTime>2026-01-07 18:10:46 UTC</createdTime>
<ownerDesignName>ReservaVuelos</ownerDesignName>
<engineerTo>
<item key="0E558395-F248-1744-4966-1BC8B2B6FA56" value="true"/>
</engineerTo>
<nullsAllowed>true</nullsAllowed>
<useDomainConstraints>false</useDomainConstraints>
<use>1</use>
<logicalDatatype>LOGDT025</logicalDatatype>
<dataTypeSize>10</dataTypeSize>
<ownDataTypeParameters>10,,</ownDataTypeParameters>
</Attribute>
<Attribute name="telefono" id="483B8A73-3412-BDC1-CDBB-CF894BB86666">
<createdBy>msuarez</createdBy>
<createdTime>2026-01-07 18:12:13 UTC</createdTime>
<ownerDesignName>ReservaVuelos</ownerDesignName>
<engineerTo>
<item key="0E558395-F248-1744-4966-1BC8B2B6FA56" value="true"/>
</engineerTo>
<nullsAllowed>true</nullsAllowed>
<useDomainConstraints>false</useDomainConstraints>
<use>1</use>
<logicalDatatype>LOGDT037</logicalDatatype>
<dataTypeSize>20</dataTypeSize>
<ownDataTypeParameters>20,,</ownDataTypeParameters>
</Attribute>
<Attribute name="telefonoEmergencia" id="9A51E377-BBBE-6248-0ACC-1F408E25748E">
<createdBy>msuarez</createdBy>
<createdTime>2026-01-08 11:49:09 UTC</createdTime>
<ownerDesignName>ReservaVuelos</ownerDesignName>
<engineerTo>
<item key="0E558395-F248-1744-4966-1BC8B2B6FA56" value="true"/>
</engineerTo>
<nullsAllowed>true</nullsAllowed>
<useDomainConstraints>false</useDomainConstraints>
<use>1</use>
<logicalDatatype>LOGDT037</logicalDatatype>
<dataTypeSize>100</dataTypeSize>
<ownDataTypeParameters>100,,</ownDataTypeParameters>
</Attribute>
</attributes>
<identifiers itemClass="oracle.dbtools.crest.model.design.logical.CandidateKey">
<identifier id="07565567-0299-9F99-4BAD-4028F8EAA525" name="EMPLEADO PK">
<createdBy>msuarez</createdBy>
<createdTime>2026-01-07 18:00:37 UTC</createdTime>
<ownerDesignName>ReservaVuelos</ownerDesignName>
<engineerTo>
<item key="0E558395-F248-1744-4966-1BC8B2B6FA56" value="true"/>
</engineerTo>
<pk>true</pk>
<usedAttributes>
<attributeRef>BB54F3E5-45A2-B0BB-D0E9-1300324A7064</attributeRef>
</usedAttributes>
</identifier>
</identifiers>
</Entity>
