<?xml version = '1.0' encoding = 'UTF-8'?>
<Entity class="oracle.dbtools.crest.model.design.logical.Entity" directorySegmentName="seg_0" id="C816D4E2-ECB7-3F47-0929-4AD894BFB0DD" name="VUELO">
<createdBy>msuarez</createdBy>
<createdTime>2026-01-07 18:13:30 UTC</createdTime>
<ownerDesignName>ReservaVuelos</ownerDesignName>
<engineerTo>
<item key="0E558395-F248-1744-4966-1BC8B2B6FA56" value="true"/>
</engineerTo>
<adequatelyNormalized>NO</adequatelyNormalized>
<expectedVolumes>0</expectedVolumes>
<fwdEngineeringStrategyName>Single Table</fwdEngineeringStrategyName>
<growthPercent>0</growthPercent>
<growthType>Year</growthType>
<maxVolumes>9999999</maxVolumes>
<minVolumes>0</minVolumes>
<normalForm>Third</normalForm>
<attributes itemClass="oracle.dbtools.crest.model.design.logical.Attribute">
<Attribute name="numeroVuelo" id="1AA288C7-B60B-C463-1BAD-A8E311A05C49">
<createdBy>msuarez</createdBy>
<createdTime>2026-01-07 18:15:17 UTC</createdTime>
<ownerDesignName>ReservaVuelos</ownerDesignName>
<engineerTo>
<item key="0E558395-F248-1744-4966-1BC8B2B6FA56" value="true"/>
</engineerTo>
<useDomainConstraints>false</useDomainConstraints>
<use>1</use>
<logicalDatatype>LOGDT037</logicalDatatype>
<dataTypeSize>30</dataTypeSize>
<ownDataTypeParameters>30,,</ownDataTypeParameters>
</Attribute>
<Attribute name="fechaDespegue" id="BC445671-CE7D-681B-49A4-14310090981B">
<createdBy>msuarez</createdBy>
<createdTime>2026-01-07 18:13:46 UTC</createdTime>
<ownerDesignName>ReservaVuelos</ownerDesignName>
<engineerTo>
<item key="0E558395-F248-1744-4966-1BC8B2B6FA56" value="true"/>
</engineerTo>
<useDomainConstraints>false</useDomainConstraints>
<use>1</use>
<logicalDatatype>LOGDT007</logicalDatatype>
<ownDataTypeParameters>,,</ownDataTypeParameters>
</Attribute>
<Attribute name="horaSalida" id="07054EAA-2D1C-0B62-1079-9960C16A95DB">
<createdBy>msuarez</createdBy>
<createdTime>2026-01-07 18:15:45 UTC</createdTime>
<ownerDesignName>ReservaVuelos</ownerDesignName>
<engineerTo>
<item key="0E558395-F248-1744-4966-1BC8B2B6FA56" value="true"/>
</engineerTo>
<nullsAllowed>true</nullsAllowed>
<useDomainConstraints>false</useDomainConstraints>
<use>1</use>
<logicalDatatype>LOGDT014</logicalDatatype>
<ownDataTypeParameters>,,</ownDataTypeParameters>
</Attribute>
<Attribute name="fechaLlegada" id="D60F461A-6ABE-39F6-6C62-1B8B7CEBB160">
<createdBy>msuarez</createdBy>
<createdTime>2026-01-07 18:14:05 UTC</createdTime>
<ownerDesignName>ReservaVuelos</ownerDesignName>
<engineerTo>
<item key="0E558395-F248-1744-4966-1BC8B2B6FA56" value="true"/>
</engineerTo>
<useDomainConstraints>false</useDomainConstraints>
<use>1</use>
<logicalDatatype>LOGDT007</logicalDatatype>
<ownDataTypeParameters>,,</ownDataTypeParameters>
</Attribute>
<Attribute name="horaLlegada" id="9D199330-FC79-3124-3F92-75646627AFE3">
<createdBy>msuarez</createdBy>
<createdTime>2026-01-07 18:36:58 UTC</createdTime>
<ownerDesignName>ReservaVuelos</ownerDesignName>
<engineerTo>
<item key="0E558395-F248-1744-4966-1BC8B2B6FA56" value="true"/>
</engineerTo>
<nullsAllowed>true</nullsAllowed>
<useDomainConstraints>false</useDomainConstraints>
<use>1</use>
<logicalDatatype>LOGDT014</logicalDatatype>
<ownDataTypeParameters>,,</ownDataTypeParameters>
</Attribute>
</attributes>
<identifiers itemClass="oracle.dbtools.crest.model.design.logical.CandidateKey">
<identifier id="7C34B11B-D866-38B8-9A1A-5CBE633858B0" name="VUELO PK">
<createdBy>msuarez</createdBy>
<createdTime>2026-01-07 18:15:38 UTC</createdTime>
<ownerDesignName>ReservaVuelos</ownerDesignName>
<engineerTo>
<item key="0E558395-F248-1744-4966-1BC8B2B6FA56" value="true"/>
</engineerTo>
<pk>true</pk>
<usedAttributes>
<attributeRef>1AA288C7-B60B-C463-1BAD-A8E311A05C49</attributeRef>
</usedAttributes>
</identifier>
</identifiers>
</Entity>