<?xml version = '1.0' encoding = 'UTF-8'?>
<relationalModel class="oracle.dbtools.crest.model.design.relational.RelationalDesign" name="Relational_1" id="0E558395-F248-1744-4966-1BC8B2B6FA56" mainViewID="FD2EEA06-2EAE-2A86-1408-3E07543BE571">
<createdBy>msuarez</createdBy>
<createdTime>2026-01-07 17:57:18 UTC</createdTime>
<ownerDesignName>ReservaVuelos</ownerDesignName>
<shouldBeOpen>false</shouldBeOpen>
<selectedRDBMSSite>32076570-2523-435C-2E92-BF29817DFF70</selectedRDBMSSite>
</relationalModel>