<?xml version = '1.0' encoding = 'UTF-8'?>
<Diagram class="oracle.dbtools.crest.swingui.logical.DPVLogical" name="Logical" id="B317EFE0-1C88-0E07-E6B2-2C09F02746E9">
<createdBy>msuarez</createdBy>
<modifiedBy>msuarez</modifiedBy>
<createdTime>2026-01-07 17:58:38 UTC</createdTime>
<autoRoute>false</autoRoute>
<boxInbox>true</boxInbox>
<showLegend>false</showLegend>
<showLabels>true</showLabels>
<showRelAttributes>false</showRelAttributes>
<gridEnabled>false</gridEnabled>
<showGrid>false</showGrid>
<diagramColor>-1</diagramColor>
<display>false</display>
<notation>0</notation>
<objectViews>
<OView class="oracle.dbtools.crest.swingui.logical.TVEntity" oid="0666ED91-1592-8A46-9BD3-327A9767D443" otype="Entity" vid="3D754935-6483-A33F-D008-63CEED2C6078">
<hideElementsInCurrentOnly>false</hideElementsInCurrentOnly>
<bounds x="624" y="38" width="252" height="144"/>
</OView>
<OView class="oracle.dbtools.crest.swingui.logical.TVEntity" oid="69D2758E-F4F5-3225-2F5F-2046F59A82BC" otype="Entity" vid="C3FA9120-35C0-946F-BC2C-DAA87295414C">
<hideElementsInCurrentOnly>false</hideElementsInCurrentOnly>
<bounds x="120" y="35" width="252" height="172"/>
</OView>
<OView class="oracle.dbtools.crest.swingui.logical.TVEntity" oid="9444DC0A-1345-2177-DCF7-B617A0AF20CD" otype="Entity" vid="593CF47B-EEEB-56BA-288F-A4A16DFA0A81">
<hideElementsInCurrentOnly>false</hideElementsInCurrentOnly>
<bounds x="99" y="336" width="443" height="158"/>
</OView>
<OView class="oracle.dbtools.crest.swingui.logical.TVEntity" oid="C816D4E2-ECB7-3F47-0929-4AD894BFB0DD" otype="Entity" vid="5B26E89F-4DB9-775A-D4E9-3B7DCFE14860">
<hideElementsInCurrentOnly>false</hideElementsInCurrentOnly>
<bounds x="641" y="325" width="223" height="116"/>
</OView>
</objectViews>
<connectors>
<Connector class="oracle.dbtools.crest.swingui.logical.TVRelation" oid="0599C65B-BDC0-BCE5-964B-0ABD41C1C5DF" otype="Relation" vid_source="5B26E89F-4DB9-775A-D4E9-3B7DCFE14860" vid_target="593CF47B-EEEB-56BA-288F-A4A16DFA0A81">
<hideElementsInCurrentOnly>false</hideElementsInCurrentOnly>
<backgroundColor>-16777216</backgroundColor>
<lineWidth>1</lineWidth>
<sourceLabel class="oracle.dbtools.crest.model.design.Label">
<site>0</site>
<labelBounds x="578" y="369" width="57" height="30"/>
<noBackgroundColor>true</noBackgroundColor>
<noForegroundColor>true</noForegroundColor>
</sourceLabel>
<targetLabel class="oracle.dbtools.crest.model.design.Label">
<site>2</site>
<labelBounds x="387" y="402" width="63" height="30"/>
<noBackgroundColor>true</noBackgroundColor>
<noForegroundColor>true</noForegroundColor>
</targetLabel>
<points>
<point x="641" y="399"/>
<point x="377" y="336"/>
</points>
</Connector>
<Connector class="oracle.dbtools.crest.swingui.logical.TVRelation" oid="5730D82E-7C05-2502-5C76-C88E7E82AE5A" otype="Relation" vid_source="C3FA9120-35C0-946F-BC2C-DAA87295414C" vid_target="593CF47B-EEEB-56BA-288F-A4A16DFA0A81">
<hideElementsInCurrentOnly>false</hideElementsInCurrentOnly>
<backgroundColor>-16777216</backgroundColor>
<lineWidth>1</lineWidth>
<sourceLabel class="oracle.dbtools.crest.model.design.Label">
<site>0</site>
<labelBounds x="248" y="237" width="64" height="30"/>
<noBackgroundColor>true</noBackgroundColor>
<noForegroundColor>true</noForegroundColor>
</sourceLabel>
<targetLabel class="oracle.dbtools.crest.model.design.Label">
<site>2</site>
<labelBounds x="248" y="292" width="42" height="30"/>
<noBackgroundColor>true</noBackgroundColor>
<noForegroundColor>true</noForegroundColor>
</targetLabel>
<points>
<point x="248" y="207"/>
<point x="248" y="336"/>
</points>
</Connector>
<Connector class="oracle.dbtools.crest.swingui.logical.TVRelation" oid="F6982C17-26E6-7E40-3CCC-4C7665CF40DF" otype="Relation" vid_source="3D754935-6483-A33F-D008-63CEED2C6078" vid_target="593CF47B-EEEB-56BA-288F-A4A16DFA0A81">
<hideElementsInCurrentOnly>false</hideElementsInCurrentOnly>
<backgroundColor>-16777216</backgroundColor>
<lineWidth>1</lineWidth>
<sourceLabel class="oracle.dbtools.crest.model.design.Label">
<site>0</site>
<labelBounds x="560" y="166" width="58" height="30"/>
<noBackgroundColor>true</noBackgroundColor>
<noForegroundColor>true</noForegroundColor>
</sourceLabel>
<targetLabel class="oracle.dbtools.crest.model.design.Label">
<site>2</site>
<labelBounds x="343" y="300" width="63" height="30"/>
<noBackgroundColor>true</noBackgroundColor>
<noForegroundColor>true</noForegroundColor>
</targetLabel>
<points>
<point x="624" y="166"/>
<point x="343" y="336"/>
</points>
</Connector>
</connectors>
</Diagram>
