<?xml version = '1.0' encoding = 'UTF-8'?>
<Relation class="oracle.dbtools.crest.model.design.logical.Relation" name="Manejo" directorySegmentName="seg_0" id="5730D82E-7C05-2502-5C76-C88E7E82AE5A">
<createdBy>msuarez</createdBy>
<createdTime>2026-01-07 18:39:18 UTC</createdTime>
<ownerDesignName>ReservaVuelos</ownerDesignName>
<engineerTo>
<item key="0E558395-F248-1744-4966-1BC8B2B6FA56" value="true"/>
</engineerTo>
<sourcePk>07565567-0299-9F99-4BAD-4028F8EAA525</sourcePk>
<identifying>true</identifying>
<nameOnSource>administra</nameOnSource>
<nameOnTarget>varias</nameOnTarget>
<optionalSource>true</optionalSource>
<optionalTarget>false</optionalTarget>
<sourceCardinality>1</sourceCardinality>
<sourceEntity>69D2758E-F4F5-3225-2F5F-2046F59A82BC</sourceEntity>
<targetCardinalityString>*</targetCardinalityString>
<targetEntity>9444DC0A-1345-2177-DCF7-B617A0AF20CD</targetEntity>
<transferable>true</transferable>
<deleteRule>NO ACTION</deleteRule>
</Relation>